{
  "Workflows": [
    {
      "Path": null,
      "SortBy": 0,
      "VariablesSectionElementsOrder": [],
      "ArgumentsSectionElementsOrder": null,
      "ConstantsSectionElementsOrder": [],
      "AddedNamespaces": null
    },
    {
      "Path": "Main.xaml",
      "SortBy": 0,
      "VariablesSectionElementsOrder": [
        "leaveBalance&Sequence_12",
        "updatedLeavebalance&Sequence_14",
        "index&Sequence_1",
        "extractedId&Sequence_1",
        "emailId&Sequence_1",
        "leaveDays&Sequence_1",
        "startDate&Sequence_1",
        "endDate&Sequence_1",
        "empData&Sequence_1",
        "fromEmail&Sequence_1",
        "Last_Update_Date&Sequence_1",
        "Lastupdatestr&Sequence_24",
        "currentDate&Sequence_24",
        "currentMonth&Sequence_24",
        "currentYear&Sequence_24",
        "lastupdateMonth&Sequence_24",
        "lastupdateYear&Sequence_24",
        "empData1&Sequence_25",
        "actleaveBalance&Sequence_27",
        "updatedleaveBalance&Sequence_27",
        "emailList&Sequence_2",
        "leaveRequest&Sequence_2"
      ],
      "ArgumentsSectionElementsOrder": [],
      "ConstantsSectionElementsOrder": [],
      "AddedNamespaces": null
    },
    {
      "Path": "Sequence.xaml",
      "SortBy": 0,
      "VariablesSectionElementsOrder": [],
      "ArgumentsSectionElementsOrder": [],
      "ConstantsSectionElementsOrder": [],
      "AddedNamespaces": null
    }
  ]
}