{
  "Workflows": [
    {
      "Path": null,
      "SortBy": 0,
      "VariablesSectionElementsOrder": [],
      "ArgumentsSectionElementsOrder": null,
      "ConstantsSectionElementsOrder": [],
      "AddedNamespaces": null
    },
    {
      "Path": "Main.xaml",
      "SortBy": 0,
      "VariablesSectionElementsOrder": [
        "ScheduledDate&Sequence_2",
        "CurrentDate&Sequence_5",
        "MeetingDate&Sequence_6",
        "MeetingTime&Sequence_6",
        "MailSubject&Sequence_8",
        "MeetingDate&Sequence_8",
        "MeetingDate_and_Time&Sequence_8"
      ],
      "ArgumentsSectionElementsOrder": [],
      "ConstantsSectionElementsOrder": [],
      "AddedNamespaces": null
    }
  ]
}